{
  "credit": "Made with Blockbench",
  "parent": "Présentoir Magnétite",
  "elements": [
    {
      "from": [
        2,
        0,
        2
      ],
      "to": [
        14,
        1,
        14
      ],
      "rotation": {
        "angle": 0,
        "axis": "y",
        "origin": [
          10,
          8,
          10
        ]
      },
      "faces": {
        "north": {
          "uv": [
            0,
            15,
            16,
            16
          ],
          "texture": "#0"
        },
        "east": {
          "uv": [
            0,
            15,
            16,
            16
          ],
          "texture": "#0"
        },
        "south": {
          "uv": [
            0,
            0,
            16,
            1
          ],
          "texture": "#0"
        },
        "west": {
          "uv": [
            0,
            15,
            16,
            16
          ],
          "texture": "#0"
        },
        "up": {
          "uv": [
            0,
            0,
            16,
            16
          ],
          "texture": "#0"
        },
        "down": {
          "uv": [
            0,
            0,
            16,
            16
          ],
          "texture": "#0"
        }
      }
    },
    {
      "from": [
        4,
        1,
        4
      ],
      "to": [
        12,
        2,
        12
      ],
      "rotation": {
        "angle": 0,
        "axis": "y",
        "origin": [
          12,
          8,
          12
        ]
      },
      "faces": {
        "north": {
          "uv": [
            0,
            15,
            16,
            16
          ],
          "texture": "#0"
        },
        "east": {
          "uv": [
            0,
            15,
            16,
            16
          ],
          "texture": "#0"
        },
        "south": {
          "uv": [
            0,
            15,
            16,
            16
          ],
          "texture": "#0"
        },
        "west": {
          "uv": [
            0,
            15,
            16,
            16
          ],
          "texture": "#0"
        },
        "up": {
          "uv": [
            0,
            0,
            16,
            16
          ],
          "texture": "#0"
        },
        "down": {
          "uv": [
            0,
            0,
            16,
            16
          ],
          "texture": "#0"
        }
      }
    },
    {
      "from": [
        8,
        1,
        4
      ],
      "to": [
        8,
        9,
        12
      ],
      "rotation": {
        "angle": 0,
        "axis": "y",
        "origin": [
          15,
          9,
          12
        ]
      },
      "faces": {
        "north": {
          "uv": [
            0,
            0,
            0,
            8
          ],
          "texture": "#missing"
        },
        "east": {
          "uv": [
            0,
            0,
            16,
            16
          ],
          "texture": "#1"
        },
        "south": {
          "uv": [
            0,
            0,
            0,
            8
          ],
          "texture": "#missing"
        },
        "west": {
          "uv": [
            0,
            0,
            16,
            16
          ],
          "texture": "#1"
        },
        "up": {
          "uv": [
            0,
            0,
            0,
            8
          ],
          "texture": "#missing"
        },
        "down": {
          "uv": [
            0,
            0,
            0,
            8
          ],
          "texture": "#missing"
        }
      }
    }
  ]
}