{
  "group": "magntite",
  "type": "minecraft:crafting_shaped",
  "pattern": [
    "012",
    "345",
    "678"
  ],
  "key": {
    "0": {
      "item": "minecraft:obsidian"
    },
    "1": {
      "item": "minecraft:obsidian"
    },
    "2": {
      "item": "minecraft:obsidian"
    },
    "3": {
      "item": "minecraft:obsidian"
    },
    "4": {
      "item": "minecraft:slime"
    },
    "5": {
      "item": "minecraft:obsidian"
    },
    "6": {
      "item": "minecraft:obsidian"
    },
    "7": {
      "item": "minecraft:obsidian"
    },
    "8": {
      "item": "minecraft:obsidian"
    }
  },
  "result": {
    "item": "magntite:acid_obsidian",
    "count": 8
  }
}