{
  "group": "magntite",
  "type": "minecraft:crafting_shaped",
  "pattern": [
    "012",
    "345",
    "678"
  ],
  "key": {
    "0": {
      "item": "magntite:zinc_powder"
    },
    "1": {
      "item": "minecraft:glass"
    },
    "2": {
      "item": "magntite:zinc_powder"
    },
    "3": {
      "item": "minecraft:glass"
    },
    "4": {
      "item": "magntite:magnetiteblock"
    },
    "5": {
      "item": "minecraft:glass"
    },
    "6": {
      "item": "magntite:zinc_powder"
    },
    "7": {
      "item": "minecraft:glass"
    },
    "8": {
      "item": "magntite:zinc_powder"
    }
  },
  "result": {
    "item": "magntite:magnetiteglass",
    "count": 4
  }
}