{
	"credit": "Made with Blockbench",
	"parent": "Backpack",
	"textures": {
		"0": "Pictures/BundleJE2",
		"particle": "Pictures/BundleJE2"
	},
	"elements": [
		{
			"from": [4, 0, 4],
			"to": [12, 8, 12],
			"rotation": {"angle": 0, "axis": "y", "origin": [15, 8, 16]},
			"faces": {
				"north": {"uv": [4, 8, 12, 16], "texture": "#0"},
				"east": {"uv": [4, 8, 12, 16], "texture": "#0"},
				"south": {"uv": [4, 8, 12, 16], "texture": "#0"},
				"west": {"uv": [4, 8, 12, 16], "texture": "#0"},
				"up": {"uv": [4, 8, 12, 16], "texture": "#0"},
				"down": {"uv": [4, 8, 12, 16], "texture": "#0"}
			}
		},
		{
			"from": [6, 8, 6],
			"to": [10, 10, 10],
			"rotation": {"angle": 0, "axis": "y", "origin": [16, 16, 14]},
			"faces": {
				"north": {"uv": [3, 8, 7, 10], "texture": "#0"},
				"east": {"uv": [3, 8, 7, 10], "texture": "#0"},
				"south": {"uv": [3, 8, 7, 10], "texture": "#0"},
				"west": {"uv": [3, 8, 7, 10], "texture": "#0"},
				"up": {"uv": [3, 8, 7, 10], "texture": "#0"},
				"down": {"uv": [3, 8, 7, 10], "texture": "#0"}
			}
		},
		{
			"from": [5, 10, 5],
			"to": [11, 11, 11],
			"rotation": {"angle": 0, "axis": "y", "origin": [16, 18, 14]},
			"faces": {
				"north": {"uv": [2, 9, 9, 10], "texture": "#0"},
				"east": {"uv": [2, 9, 9, 10], "texture": "#0"},
				"south": {"uv": [2, 9, 9, 10], "texture": "#0"},
				"west": {"uv": [2, 9, 9, 10], "texture": "#0"},
				"up": {"uv": [4, 4, 11, 11], "texture": "#0"},
				"down": {"uv": [2, 9, 9, 10], "texture": "#0"}
			}
		}
	],
	"display": {
		"thirdperson_righthand": {
			"translation": [0, 3, 1],
			"scale": [0.55, 0.55, 0.55]
		},
		"thirdperson_lefthand": {
			"translation": [0, 3, 1],
			"scale": [0.55, 0.55, 0.55]
		},
		"firstperson_righthand": {
			"rotation": [0, -90, 25],
			"translation": [1.13, 3.2, 1.13],
			"scale": [0.68, 0.68, 0.68]
		},
		"firstperson_lefthand": {
			"rotation": [0, -90, 25],
			"translation": [1.13, 3.2, 1.13],
			"scale": [0.68, 0.68, 0.68]
		},
		"ground": {
			"translation": [0, 2, 0],
			"scale": [0.5, 0.5, 0.5]
		},
		"gui": {
			"rotation": [30, 225, 0],
			"scale": [0.625, 0.625, 0.625]
		},
		"head": {
			"rotation": [0, 180, 0],
			"translation": [0, 13, 7]
		},
		"fixed": {
			"rotation": [0, 180, 0]
		}
	}
}