{
  "_fv": 13,
  "_type": "food",
  "definition": {
    "renderType": 0,
    "texture": "baguettte",
    "customModelName": "Normal",
    "name": "Baguette",
    "rarity": "COMMON",
    "specialInfo": [
      "un truc bien fran�ais qui donne toute  la saturation"
    ],
    "creativeTab": {
      "value": "CUSTOM:MagnetiteMod"
    },
    "stackSize": 16,
    "nutritionalValue": 10,
    "saturation": 20.0,
    "eatingSpeed": 32,
    "forDogs": false,
    "isAlwaysEdible": false,
    "animation": "eat",
    "hasGlow": false
  }
}