{
  "_fv": 13,
  "_type": "tool",
  "definition": {
    "renderType": 0,
    "texture": "magnetite_sword",
    "customModelName": "Normal",
    "name": "Magnetite Sword",
    "specialInfo": [],
    "creativeTab": {
      "value": "CUSTOM:MagnetiteMod"
    },
    "toolType": "Sword",
    "harvestLevel": 1,
    "efficiency": 20.0,
    "attackSpeed": 5.0,
    "enchantability": 2,
    "damageVsEntity": 30.0,
    "usageCount": 1000,
    "blocksAffected": [],
    "hasGlow": false,
    "repairItems": [
      {
        "value": "CUSTOM:MagnetiteIngot"
      }
    ],
    "stayInGridWhenCrafting": false,
    "damageOnCrafting": false
  }
}