{
  "_fv": 13,
  "_type": "tool",
  "definition": {
    "renderType": 0,
    "texture": "magnetite_hammer",
    "customModelName": "Normal",
    "name": "Magnetite Hammer",
    "specialInfo": [],
    "creativeTab": {
      "value": "CUSTOM:MagnetiteMod"
    },
    "toolType": "Pickaxe",
    "harvestLevel": 4,
    "efficiency": 45.0,
    "attackSpeed": 1.0,
    "enchantability": 2,
    "damageVsEntity": 4.0,
    "usageCount": 1000,
    "blocksAffected": [],
    "hasGlow": false,
    "repairItems": [
      {
        "value": "CUSTOM:MagnetiteIngot"
      }
    ],
    "stayInGridWhenCrafting": false,
    "damageOnCrafting": false,
    "onBlockDestroyedWithTool": {
      "name": "HammerBreak"
    }
  }
}