{
  "_fv": 13,
  "_type": "food",
  "definition": {
    "renderType": 0,
    "texture": "bread",
    "customModelName": "Normal",
    "name": "Speed Baguette",
    "rarity": "COMMON",
    "specialInfo": [],
    "creativeTab": {
      "value": "CUSTOM:MagnetiteMod"
    },
    "stackSize": 16,
    "nutritionalValue": 4,
    "saturation": 0.3,
    "eatingSpeed": 32,
    "forDogs": false,
    "isAlwaysEdible": true,
    "animation": "eat",
    "hasGlow": false,
    "onEaten": {
      "name": "SpeedbaguetteP"
    }
  }
}