{
  "_fv": 13,
  "_type": "tool",
  "definition": {
    "renderType": 0,
    "texture": "zinc_pickaxe",
    "customModelName": "Normal",
    "name": "Zinc Pickaxe",
    "specialInfo": [],
    "creativeTab": {
      "value": "CUSTOM:MagnetiteMod"
    },
    "toolType": "Pickaxe",
    "harvestLevel": 4,
    "efficiency": 45.0,
    "attackSpeed": 1.0,
    "enchantability": 2,
    "damageVsEntity": 4.0,
    "usageCount": 900,
    "blocksAffected": [],
    "hasGlow": false,
    "repairItems": [],
    "stayInGridWhenCrafting": false,
    "damageOnCrafting": false
  }
}