{
  "_fv": 13,
  "_type": "tool",
  "definition": {
    "renderType": 0,
    "texture": "zinc_sword",
    "customModelName": "Normal",
    "name": "Zinc Sword",
    "specialInfo": [],
    "creativeTab": {
      "value": "CUSTOM:MagnetiteMod"
    },
    "toolType": "Sword",
    "harvestLevel": 1,
    "efficiency": 4.0,
    "attackSpeed": 3.0,
    "enchantability": 2,
    "damageVsEntity": 25.0,
    "usageCount": 900,
    "blocksAffected": [],
    "hasGlow": false,
    "repairItems": [],
    "stayInGridWhenCrafting": false,
    "damageOnCrafting": false
  }
}